experiment,model,metric,reported,reproduced,abs_diff,claim,protocol,reported_accuracy,reproduced_accuracy_mean,reproduced_accuracy_std,reported_auc,reproduced_auc_mean
brfss_5050,Logistic Regression,accuracy,0.7473,0.7473,0.0,,,,,,,
brfss_5050,Logistic Regression,precision,0.7374,0.7374,0.0,,,,,,,
brfss_5050,Logistic Regression,recall,0.768,0.768,0.0,,,,,,,
brfss_5050,Logistic Regression,f1,0.7524,0.7524,0.0,,,,,,,
brfss_5050,Logistic Regression,roc_auc,0.8235,0.8235,0.0,,,,,,,
brfss_5050,Logistic Regression,mcc,0.495,0.495,0.0,,,,,,,
brfss_5050,SVM (calibrated LinearSVC),accuracy,0.7471,0.7471,0.0,,,,,,,
brfss_5050,SVM (calibrated LinearSVC),precision,0.7367,0.7367,0.0,,,,,,,
brfss_5050,SVM (calibrated LinearSVC),recall,0.769,0.769,0.0,,,,,,,
brfss_5050,SVM (calibrated LinearSVC),f1,0.7525,0.7525,0.0,,,,,,,
brfss_5050,SVM (calibrated LinearSVC),roc_auc,0.8232,0.8232,0.0,,,,,,,
brfss_5050,SVM (calibrated LinearSVC),mcc,0.4946,0.4946,0.0,,,,,,,
brfss_5050,Decision Tree,accuracy,0.7302,0.7302,0.0,,,,,,,
brfss_5050,Decision Tree,precision,0.7125,0.7125,0.0,,,,,,,
brfss_5050,Decision Tree,recall,0.7718,0.7718,0.0,,,,,,,
brfss_5050,Decision Tree,f1,0.741,0.741,0.0,,,,,,,
brfss_5050,Decision Tree,roc_auc,0.8074,0.8074,0.0,,,,,,,
brfss_5050,Decision Tree,mcc,0.462,0.462,0.0,,,,,,,
brfss_5050,Random Forest,accuracy,0.7409,0.7411,0.0002,,,,,,,
brfss_5050,Random Forest,precision,0.7217,0.7218,0.0001,,,,,,,
brfss_5050,Random Forest,recall,0.7844,0.7848,0.0004,,,,,,,
brfss_5050,Random Forest,f1,0.7517,0.752,0.0003,,,,,,,
brfss_5050,Random Forest,roc_auc,0.8161,0.8161,0.0,,,,,,,
brfss_5050,Random Forest,mcc,0.4837,0.4841,0.0004,,,,,,,
brfss_5050,XGBoost,accuracy,0.7469,0.7469,0.0,,,,,,,
brfss_5050,XGBoost,precision,0.7269,0.7269,0.0,,,,,,,
brfss_5050,XGBoost,recall,0.7908,0.7908,0.0,,,,,,,
brfss_5050,XGBoost,f1,0.7575,0.7575,0.0,,,,,,,
brfss_5050,XGBoost,roc_auc,0.8269,0.8269,0.0,,,,,,,
brfss_5050,XGBoost,mcc,0.4957,0.4957,0.0,,,,,,,
brfss_5050,LightGBM,accuracy,0.7463,0.7463,0.0,,,,,,,
brfss_5050,LightGBM,precision,0.7259,0.7259,0.0,,,,,,,
brfss_5050,LightGBM,recall,0.7916,0.7916,0.0,,,,,,,
brfss_5050,LightGBM,f1,0.7573,0.7573,0.0,,,,,,,
brfss_5050,LightGBM,roc_auc,0.8255,0.8255,0.0,,,,,,,
brfss_5050,LightGBM,mcc,0.4947,0.4947,0.0,,,,,,,
brfss_5050,CatBoost,accuracy,0.7463,0.7461,0.0002,,,,,,,
brfss_5050,CatBoost,precision,0.7254,0.7254,0.0,,,,,,,
brfss_5050,CatBoost,recall,0.7927,0.7922,0.0005,,,,,,,
brfss_5050,CatBoost,f1,0.7576,0.7573,0.0003,,,,,,,
brfss_5050,CatBoost,roc_auc,0.8276,0.8278,0.0002,,,,,,,
brfss_5050,CatBoost,mcc,0.4948,0.4944,0.0004,,,,,,,
brfss_ensemble,Weighted Soft Voting,accuracy,0.8672,0.8671,0.0001,,,,,,,
brfss_ensemble,Weighted Soft Voting,precision,0.5958,0.595,0.0008,,,,,,,
brfss_ensemble,Weighted Soft Voting,recall,0.1449,0.1447,0.0002,,,,,,,
brfss_ensemble,Weighted Soft Voting,f1,0.233,0.2327,0.0003,,,,,,,
brfss_ensemble,Weighted Soft Voting,roc_auc,0.8307,0.8307,0.0,,,,,,,
brfss_ensemble,Weighted Soft Voting,mcc,0.2468,0.2464,0.0004,,,,,,,
brfss_ensemble,CatBoost (validation),roc_auc,0.8286,0.8286,0.0,,,,,,,
brfss_ensemble,XGBoost (validation),roc_auc,0.8285,0.8285,0.0,,,,,,,
brfss_ensemble,HistGradientBoosting (validation),roc_auc,0.8285,0.8285,0.0,,,,,,,
brfss_ensemble,LightGBM (validation),roc_auc,0.8282,0.8282,0.0,,,,,,,
brfss_ensemble,ExtraTrees (validation),roc_auc,0.7962,0.7953,0.0009,,,,,,,
brfss_xai,CatBoost,accuracy,0.8525,0.8533,0.0008,,,,,,,
brfss_xai,CatBoost,precision,0.4606,0.4643,0.0037,,,,,,,
brfss_xai,CatBoost,recall,0.3402,0.3461,0.0059,,,,,,,
brfss_xai,CatBoost,f1,0.3914,0.3966,0.0052,,,,,,,
brfss_xai,CatBoost,roc_auc,0.8211,0.8212,0.0001,,,,,,,
brfss_xai,CatBoost,mcc,0.3142,0.3195,0.0053,,,,,,,
brfss_xai,LightGBM,accuracy,0.8487,0.8497,0.001,,,,,,,
brfss_xai,LightGBM,precision,0.4461,0.4493,0.0032,,,,,,,
brfss_xai,LightGBM,recall,0.3568,0.3499,0.0069,,,,,,,
brfss_xai,LightGBM,f1,0.3965,0.3934,0.0031,,,,,,,
brfss_xai,LightGBM,roc_auc,0.8186,0.8184,0.0002,,,,,,,
brfss_xai,LightGBM,mcc,0.3138,0.3122,0.0016,,,,,,,
brfss_xai,Logistic Regression,accuracy,0.7358,0.7359,0.0001,,,,,,,
brfss_xai,Logistic Regression,precision,0.3128,0.313,0.0002,,,,,,,
brfss_xai,Logistic Regression,recall,0.749,0.7495,0.0005,,,,,,,
brfss_xai,Logistic Regression,f1,0.4413,0.4416,0.0003,,,,,,,
brfss_xai,Logistic Regression,roc_auc,0.8143,0.8143,0.0,,,,,,,
brfss_xai,Logistic Regression,mcc,0.3544,0.3549,0.0005,,,,,,,
brfss_xai,SVM (calibrated LinearSVC),accuracy,0.7353,0.7354,0.0001,,,,,,,
brfss_xai,SVM (calibrated LinearSVC),precision,0.3127,0.3128,0.0001,,,,,,,
brfss_xai,SVM (calibrated LinearSVC),recall,0.7512,0.7512,0.0,,,,,,,
brfss_xai,SVM (calibrated LinearSVC),f1,0.4416,0.4417,0.0001,,,,,,,
brfss_xai,SVM (calibrated LinearSVC),roc_auc,0.8148,0.8149,0.0001,,,,,,,
brfss_xai,SVM (calibrated LinearSVC),mcc,0.3551,0.3552,0.0001,,,,,,,
brfss_xai,Random Forest,accuracy,0.8194,0.819,0.0004,,,,,,,
brfss_xai,Random Forest,precision,0.3805,0.3793,0.0012,,,,,,,
brfss_xai,Random Forest,recall,0.471,0.4704,0.0006,,,,,,,
brfss_xai,Random Forest,f1,0.4209,0.42,0.0009,,,,,,,
brfss_xai,Random Forest,roc_auc,0.8005,0.8002,0.0003,,,,,,,
brfss_xai,Random Forest,mcc,0.3179,0.3167,0.0012,,,,,,,
brfss_xai,Decision Tree,accuracy,0.7769,0.7759,0.001,,,,,,,
brfss_xai,Decision Tree,precision,0.3306,0.3311,0.0005,,,,,,,
brfss_xai,Decision Tree,recall,0.5866,0.5962,0.0096,,,,,,,
brfss_xai,Decision Tree,f1,0.4229,0.4257,0.0028,,,,,,,
brfss_xai,Decision Tree,roc_auc,0.7905,0.7895,0.001,,,,,,,
brfss_xai,Decision Tree,mcc,0.3166,0.3204,0.0038,,,,,,,
brfss_xai,XGBoost,accuracy,0.7913,0.8448,0.0535,,,,,,,
brfss_xai,XGBoost,precision,0.3287,0.4354,0.1067,,,,,,,
brfss_xai,XGBoost,recall,0.4777,0.3844,0.0933,,,,,,,
brfss_xai,XGBoost,f1,0.3895,0.4083,0.0188,,,,,,,
brfss_xai,XGBoost,roc_auc,0.784,0.8173,0.0333,,,,,,,
brfss_xai,XGBoost,mcc,0.2756,0.3202,0.0446,,,,,,,
pima_cv,HEF-IAI Stacking,,,,,HEF-IAI stacking 93.75% / AUC 0.956 (hard-coded figure),leakage-safe,0.9375,0.7617,0.0349,0.956,0.8374
pima_cv,HEF-IAI Stacking,,,,,HEF-IAI stacking 93.75% / AUC 0.956 (hard-coded figure),leaky: class-median imputation,0.9375,0.8739,0.0202,0.956,0.9369
pima_cv,HEF-IAI Stacking,,,,,HEF-IAI stacking 93.75% / AUC 0.956 (hard-coded figure),leaky (notebook protocol),0.9375,0.9169,0.0216,0.956,0.9688
pima_cv,CatBoost,,,,,CatBoost baseline AUC 0.942 (hard-coded figure),leakage-safe,,0.7572,0.0358,0.942,0.8307
pima_cv,CatBoost,,,,,CatBoost baseline AUC 0.942 (hard-coded figure),leaky: class-median imputation,,0.8693,0.0229,0.942,0.9414
pima_cv,CatBoost,,,,,CatBoost baseline AUC 0.942 (hard-coded figure),leaky (notebook protocol),,0.9152,0.0221,0.942,0.9676
pima_cv,Soft Voting (2:1:1),,,,,Soft-voting hybrid (notebook cell 12),leakage-safe,,0.7585,0.0365,,0.8342
pima_cv,Soft Voting (2:1:1),,,,,Soft-voting hybrid (notebook cell 12),leaky: class-median imputation,,0.8708,0.023,,0.9391
pima_cv,Soft Voting (2:1:1),,,,,Soft-voting hybrid (notebook cell 12),leaky (notebook protocol),,0.9177,0.0231,,0.9687
