protocol,model,accuracy_mean,accuracy_std,roc_auc_mean,roc_auc_std,f1_mean,f1_std,recall_mean,recall_std,precision_mean,precision_std,mcc_mean,mcc_std,specificity_mean,specificity_std
leakage-safe,Logistic Regression,0.7554,0.0377,0.8385,0.0311,0.6733,0.044,0.7202,0.0507,0.635,0.0584,0.4836,0.0728,0.7744,0.0528
leakage-safe,Extra Trees,0.7552,0.0394,0.8378,0.0311,0.6842,0.0419,0.7574,0.0471,0.6264,0.0547,0.4951,0.0719,0.754,0.0558
leakage-safe,HEF-IAI Stacking,0.7617,0.0349,0.8374,0.0315,0.6758,0.0432,0.7111,0.0525,0.6464,0.0542,0.4912,0.0701,0.7888,0.0466
leakage-safe,Soft Voting (2:1:1),0.7585,0.0365,0.8342,0.0319,0.6779,0.0456,0.7275,0.055,0.6368,0.0539,0.4905,0.0738,0.7752,0.046
leakage-safe,CatBoost,0.7572,0.0358,0.8307,0.0322,0.6729,0.0435,0.7148,0.053,0.6383,0.054,0.4846,0.0711,0.78,0.048
leakage-safe,Random Forest,0.7614,0.0328,0.8276,0.0308,0.6836,0.0376,0.7373,0.0436,0.6391,0.0475,0.4984,0.0628,0.7744,0.0446
leakage-safe,XGBoost,0.7484,0.0316,0.8272,0.0319,0.6659,0.0403,0.7186,0.0527,0.6223,0.0461,0.4703,0.0645,0.7644,0.0411
leakage-safe,LightGBM,0.7497,0.0306,0.819,0.0308,0.6612,0.0414,0.7006,0.0548,0.628,0.0459,0.4668,0.0643,0.776,0.0392
leaky: class-median imputation,XGBoost,0.8726,0.0249,0.9445,0.0154,0.8258,0.0323,0.8642,0.0431,0.7929,0.0458,0.7289,0.0507,0.8772,0.0347
leaky: class-median imputation,CatBoost,0.8693,0.0229,0.9414,0.0154,0.8212,0.0305,0.8604,0.0477,0.7878,0.0427,0.7219,0.0475,0.874,0.0337
leaky: class-median imputation,LightGBM,0.8711,0.0241,0.9412,0.0159,0.8218,0.0331,0.8522,0.0494,0.7957,0.0427,0.7235,0.0513,0.8812,0.0313
leaky: class-median imputation,Soft Voting (2:1:1),0.8708,0.023,0.9391,0.0175,0.8234,0.0313,0.8634,0.0491,0.7892,0.0413,0.7253,0.0484,0.8748,0.0323
leaky: class-median imputation,HEF-IAI Stacking,0.8739,0.0202,0.9369,0.0177,0.8256,0.0282,0.8559,0.0476,0.7998,0.039,0.7297,0.0428,0.8836,0.0297
leaky: class-median imputation,Random Forest,0.869,0.0217,0.9338,0.0147,0.8215,0.0275,0.8626,0.0391,0.7864,0.0442,0.7219,0.0429,0.8724,0.0347
leaky: class-median imputation,Extra Trees,0.8578,0.0227,0.9274,0.0177,0.8101,0.0278,0.8679,0.0459,0.7625,0.0476,0.7032,0.0441,0.8524,0.0402
leaky: class-median imputation,Logistic Regression,0.8167,0.0303,0.8851,0.0243,0.7517,0.0342,0.7919,0.0379,0.7183,0.0573,0.6108,0.058,0.83,0.0466
leaky (notebook protocol),HEF-IAI Stacking,0.9169,0.0216,0.9688,0.0127,0.9183,0.0212,0.935,0.0345,0.9036,0.0323,0.8356,0.0425,0.8988,0.0374
leaky (notebook protocol),Soft Voting (2:1:1),0.9177,0.0231,0.9687,0.0122,0.9199,0.0221,0.9445,0.0302,0.8976,0.0316,0.8377,0.0454,0.8911,0.0374
leaky (notebook protocol),LightGBM,0.913,0.0209,0.9681,0.0118,0.9148,0.0207,0.9342,0.0296,0.8969,0.0263,0.8275,0.0416,0.8919,0.0306
leaky (notebook protocol),XGBoost,0.9109,0.0203,0.9679,0.0109,0.9123,0.02,0.9274,0.032,0.899,0.0303,0.8234,0.0402,0.8945,0.0355
leaky (notebook protocol),CatBoost,0.9152,0.0221,0.9676,0.0118,0.9172,0.0212,0.9393,0.0287,0.897,0.0298,0.8322,0.0438,0.8911,0.035
leaky (notebook protocol),Extra Trees,0.9075,0.0223,0.9651,0.0142,0.911,0.021,0.9466,0.028,0.8787,0.0269,0.8182,0.0439,0.8684,0.0339
leaky (notebook protocol),Random Forest,0.9122,0.0203,0.9651,0.0135,0.914,0.0196,0.9325,0.0286,0.8972,0.0298,0.826,0.0399,0.8919,0.0355
leaky (notebook protocol),Logistic Regression,0.831,0.0276,0.9018,0.0236,0.8303,0.0298,0.8286,0.0436,0.8332,0.03,0.663,0.0548,0.8334,0.0362
