Feature,Pearson r,RF Importance,Information Gain,Gain Ratio,Mutual Information,SHAP Importance,RFE Rank,|Pearson| Rank,RF Importance Rank,Information Gain Rank,Gain Ratio Rank,Mutual Information Rank,RFE Method Rank,SHAP Rank,Consensus Rank
GenHlth,0.409723,0.160706,0.093632,0.062717,0.093632,0.592562,1,1.0,1.0,1.0,3.0,1.0,8.0,1.0,2.285714
HighBP,0.381538,0.131019,0.074799,0.109145,0.074799,0.443211,1,2.0,3.0,2.0,1.0,2.0,8.0,2.0,2.857143
BMI,0.293108,0.154945,0.055131,0.024161,0.057478,0.418257,1,3.0,2.0,3.0,9.0,3.0,8.0,3.0,4.428571
HighChol,0.291433,0.064222,0.043096,0.062295,0.043096,0.294129,1,4.0,5.0,5.0,5.0,5.0,8.0,5.0,5.285714
Age,0.278461,0.114568,0.047025,0.019717,0.047025,0.346353,1,5.0,4.0,4.0,12.0,4.0,8.0,4.0,5.857143
DiffWalk,0.271228,0.034588,0.037921,0.067157,0.037921,0.062522,1,6.0,10.0,6.0,2.0,6.0,8.0,9.0,6.714286
Income,-0.220731,0.063395,0.026562,0.013759,0.026562,0.107771,1,7.0,6.0,7.0,13.0,8.0,8.0,7.0,8.0
HeartDiseaseorAttack,0.214662,0.023115,0.024021,0.057321,0.024021,0.086009,1,8.0,11.0,9.0,6.0,9.0,8.0,8.0,8.428571
PhysHlth,0.211966,0.055134,0.025742,0.023784,0.027937,0.033079,1,9.0,7.0,8.0,10.0,7.0,8.0,14.0,9.0
Education,-0.169351,0.038264,0.015089,0.011397,0.015089,0.048043,1,10.0,8.0,10.0,14.0,10.0,8.0,13.0,10.428571
CholCheck,0.113578,0.005819,0.007149,0.062346,0.007149,0.052266,1,13.0,20.0,13.0,4.0,13.0,8.0,11.0,11.714286
Stroke,0.128458,0.006834,0.008611,0.037081,0.008611,0.031455,1,12.0,19.0,12.0,7.0,12.0,8.0,15.0,12.142857
HvyAlcoholConsump,-0.093631,0.007981,0.004534,0.025818,0.004534,0.05484,1,14.0,17.0,14.0,8.0,15.0,8.0,10.0,12.285714
PhysActivity,-0.155691,0.017955,0.012209,0.02004,0.012209,0.009275,4,11.0,15.0,11.0,11.0,11.0,18.0,19.0,13.714286
MentHlth,0.087653,0.037263,0.003814,0.004168,0.006554,0.051724,2,15.0,9.0,15.0,17.0,14.0,16.0,12.0,14.0
Sex,0.046369,0.020964,0.001075,0.00156,0.001075,0.112198,1,19.0,12.0,19.0,20.0,19.0,8.0,6.0,14.714286
Veggies,-0.079303,0.014163,0.003154,0.006106,0.003154,0.017896,1,17.0,16.0,17.0,15.0,17.0,8.0,17.0,15.285714
Smoker,0.086066,0.019347,0.003708,0.005359,0.003708,0.018623,7,16.0,13.0,16.0,16.0,16.0,21.0,16.0,16.285714
Fruits,-0.053766,0.01917,0.001446,0.002167,0.001446,0.01256,3,18.0,14.0,18.0,19.0,18.0,17.0,18.0,17.428571
NoDocbcCost,0.042288,0.006838,0.000896,0.002881,0.000896,0.005894,6,20.0,18.0,20.0,18.0,20.0,20.0,20.0,19.428571
AnyHealthcare,0.018579,0.003711,0.000173,0.000938,0.000173,0.005162,5,21.0,21.0,21.0,21.0,21.0,19.0,21.0,20.714286
